Step,Average Time,Group
confirm,1109.6103753268728,Control
start,3268.098534596739,Control
step_1,30.679554788338297,Control
step_2,0.6583756903219131,Control
step_3,9.699480809966078,Control
