Step,Average Time,Group
confirm,1733.4754153645833,Test
start,2406.514722775058,Test
step_1,22.33758383765237,Test
step_2,1.8585801050735191,Test
step_3,12.366016458988392,Test
